{
  "source_run_dir": "D:\\AI\\outputs\\runs_sarcasm_improve\\improve_v4_lr3e-05_wd0.05_do0.5_bs8_ep8_fa0.6_fg1_SAMPLER",
  "mustard_eval_csv": "D:\\AI\\datasets\\MUStARD\\_eval_v4_external\\mustard_eval_v4.csv",
  "test_size": 682,
  "test_pos_frac": 0.49560117721557617,
  "thresholds": {
    "val_multi_thr": 0.525,
    "val_ens_thr": 0.05
  },
  "multi_thr_0_5": {
    "acc": 0.47653958944281527,
    "macro_f1": 0.4456458630747058,
    "auc": 0.46804905738268887,
    "threshold": 0.5,
    "positive_rate": 0.7404692082111437
  },
  "multi_thr_best": {
    "acc": 0.48240469208211145,
    "macro_f1": 0.47901640124735173,
    "auc": 0.46804905738268887,
    "threshold": 0.525,
    "positive_rate": 0.5850439882697948
  },
  "ens_thr_0_5": {
    "acc": 0.5043988269794721,
    "macro_f1": 0.33528265107212474,
    "auc": 0.4608074170909591,
    "threshold": 0.5,
    "positive_rate": 0.0
  },
  "ens_thr_best": {
    "acc": 0.49560117302052786,
    "macro_f1": 0.33137254901960783,
    "auc": 0.4608074170909591,
    "threshold": 0.05,
    "positive_rate": 1.0
  },
  "ensemble_weights": [
    0.6406516563241764,
    0.10851426883500451,
    0.2507592046716443,
    7.487016917479015e-05
  ]
}