{
  "run": "improve_v4_lr3e-05_wd0.05_do0.5_bs8_ep8_fa0.6_fg1_SAMPLER",
  "best_epoch": 1,
  "selection_metric": "val_multi_best_macro_f1",
  "val_multi_0_5": {
    "acc": 0.6825548141086749,
    "macro_f1": 0.4866737105380332,
    "auc": 0.5099449204406364
  },
  "val_multi_thr": 0.525,
  "val_multi_best": {
    "acc": 0.6501429933269781,
    "macro_f1": 0.5064605247133178,
    "auc": 0.5099449204406364
  },
  "val_ens_0_5": {
    "acc": 0.2221163012392755,
    "macro_f1": 0.18247249388753056,
    "auc": 0.5275556071413497
  },
  "val_ens_thr": 0.05,
  "val_ens_best": {
    "acc": 0.778836987607245,
    "macro_f1": 0.4378349410503751,
    "auc": 0.5275556071413497
  },
  "gwo_weights": [
    0.6406516563241764,
    0.10851426883500451,
    0.2507592046716443,
    7.487016917479015e-05
  ],
  "focal_alpha": 0.6,
  "focal_gamma": 1.0,
  "sampler": true
}